{
  "best_epoch": 4,
  "peak_worker_0_memory_MB": 4372.26953125,
  "peak_gpu_0_memory_MB": 11.22705078125,
  "training_duration": "0:00:02.064564",
  "training_start_epoch": 0,
  "training_epochs": 4,
  "epoch": 4,
  "training_accuracy": 1.0,
  "training_loss": 0.001872419949468167,
  "training_worker_0_memory_MB": 4372.26953125,
  "training_gpu_0_memory_MB": 11.22705078125,
  "validation_accuracy": 0.83,
  "validation_loss": 0.38053099617362024,
  "best_validation_accuracy": 0.83,
  "best_validation_loss": 0.38053099617362024
}