{
  "best_epoch": 0,
  "peak_worker_0_memory_MB": 4372.26953125,
  "peak_gpu_0_memory_MB": 11.22705078125,
  "training_duration": "0:00:00.824009",
  "training_start_epoch": 0,
  "training_epochs": 1,
  "epoch": 1,
  "training_accuracy": 0.993125,
  "training_loss": 0.05252544510527514,
  "training_worker_0_memory_MB": 4372.26953125,
  "training_gpu_0_memory_MB": 11.22705078125,
  "validation_accuracy": 0.82,
  "validation_loss": 0.45394375681877136,
  "best_validation_accuracy": 0.83,
  "best_validation_loss": 0.3963219475746155
}