{
  "best_epoch": 0,
  "peak_worker_0_memory_MB": 4349.18359375,
  "peak_gpu_0_memory_MB": 1.84375,
  "training_duration": "0:00:00.414237",
  "training_start_epoch": 0,
  "training_epochs": 0,
  "epoch": 0,
  "training_accuracy": 0.770625,
  "training_loss": 0.4847752583399415,
  "training_worker_0_memory_MB": 4349.18359375,
  "training_gpu_0_memory_MB": 1.84375,
  "validation_accuracy": 0.83,
  "validation_loss": 0.3963219475746155,
  "best_validation_accuracy": 0.83,
  "best_validation_loss": 0.3963219475746155
}